cmd,rep,wall_time_s,user_time_s,sys_time_s,cpu_pct,max_rss_kb,minor_faults,major_faults,voluntary_ctx,involuntary_ctx,fs_inputs,fs_outputs,exit_code,timestamp,impl,N,duration_sec,think_min_ms,think_max_ms,eat_min_ms,eat_max_ms,wall_time_ms,total_meals,meals_per_phil,wait_mean_us,wait_p50_us,wait_p95_us,wait_p99_us,wait_max_us,deadlocked,seed,rep_idx
java -cp /home/vboxuser/os-final-project/paper2-concurrency/dp/java DiningMonitor --N 5 --duration-sec 5 --think-min-ms 10 --think-max-ms 50 --eat-min-ms 10 --eat-max-ms 50 --seed 1 --deadlock-window-ms 2000,0,5.12,0.29,0.14,8.0,44260,5980,0,1320,15,32,64,0,2026-05-14T10:26:08,java-monitor,5,5.0,10,50,10,50,5028.128,291,"[56, 55, 59, 61, 60]",22206.312,19217.998,61702.694,78078.042,118256.218,False,1,0
java -cp /home/vboxuser/os-final-project/paper2-concurrency/dp/java DiningMonitor --N 5 --duration-sec 5 --think-min-ms 10 --think-max-ms 50 --eat-min-ms 10 --eat-max-ms 50 --seed 1 --deadlock-window-ms 2000,1,5.09,0.3,0.12,8.0,43096,5723,0,1293,20,0,64,0,2026-05-14T10:26:14,java-monitor,5,5.0,10,50,10,50,5012.808,288,"[54, 54, 62, 62, 56]",22779.414,19373.666,61066.397,104898.606,122710.3,False,1,1
java -cp /home/vboxuser/os-final-project/paper2-concurrency/dp/java DiningMonitor --N 5 --duration-sec 5 --think-min-ms 10 --think-max-ms 50 --eat-min-ms 10 --eat-max-ms 50 --seed 2 --deadlock-window-ms 2000,0,5.09,0.26,0.09,6.0,44120,5988,0,1305,12,0,64,0,2026-05-14T10:26:19,java-monitor,5,5.0,10,50,10,50,5011.593,293,"[57, 60, 62, 56, 58]",21787.776,17230.023,62571.953,76037.068,127114.214,False,2,0
java -cp /home/vboxuser/os-final-project/paper2-concurrency/dp/java DiningMonitor --N 5 --duration-sec 5 --think-min-ms 10 --think-max-ms 50 --eat-min-ms 10 --eat-max-ms 50 --seed 2 --deadlock-window-ms 2000,1,5.07,0.2,0.05,5.0,44248,6006,0,1360,13,0,64,0,2026-05-14T10:26:24,java-monitor,5,5.0,10,50,10,50,5014.836,299,"[59, 62, 63, 58, 57]",21040.311,16563.559,57128.24,100579.029,125493.201,False,2,1
java -cp /home/vboxuser/os-final-project/paper2-concurrency/dp/java DiningMonitor --N 5 --duration-sec 5 --think-min-ms 10 --think-max-ms 50 --eat-min-ms 10 --eat-max-ms 50 --seed 3 --deadlock-window-ms 2000,0,5.09,0.25,0.1,7.0,44248,6002,0,1333,18,0,64,0,2026-05-14T10:26:29,java-monitor,5,5.0,10,50,10,50,5020.646,302,"[61, 63, 60, 56, 62]",20316.115,14622.751,56669.153,108771.017,202972.658,False,3,0
java -cp /home/vboxuser/os-final-project/paper2-concurrency/dp/java DiningMonitor --N 5 --duration-sec 5 --think-min-ms 10 --think-max-ms 50 --eat-min-ms 10 --eat-max-ms 50 --seed 3 --deadlock-window-ms 2000,1,5.09,0.23,0.1,6.0,44688,6032,0,1357,14,0,64,0,2026-05-14T10:26:34,java-monitor,5,5.0,10,50,10,50,5013.329,300,"[61, 63, 57, 58, 61]",21379.741,17171.397,54966.389,99072.393,128429.061,False,3,1
java -cp /home/vboxuser/os-final-project/paper2-concurrency/dp/java DiningMonitor --N 10 --duration-sec 5 --think-min-ms 10 --think-max-ms 50 --eat-min-ms 10 --eat-max-ms 50 --seed 1 --deadlock-window-ms 2000,0,5.1,0.35,0.15,9.0,44992,6174,0,2246,22,0,64,0,2026-05-14T10:26:39,java-monitor,10,5.0,10,50,10,50,5024.493,594,"[55, 58, 59, 63, 61, 59, 59, 60, 60, 60]",21072.618,18704.578,55392.31,90301.735,128610.856,False,1,0
java -cp /home/vboxuser/os-final-project/paper2-concurrency/dp/java DiningMonitor --N 10 --duration-sec 5 --think-min-ms 10 --think-max-ms 50 --eat-min-ms 10 --eat-max-ms 50 --seed 1 --deadlock-window-ms 2000,1,5.08,0.34,0.18,10.0,45284,6293,0,2198,23,0,64,0,2026-05-14T10:26:44,java-monitor,10,5.0,10,50,10,50,5019.423,596,"[58, 57, 61, 61, 60, 59, 58, 64, 59, 59]",20425.883,15375.757,59208.467,95489.071,175418.842,False,1,1
java -cp /home/vboxuser/os-final-project/paper2-concurrency/dp/java DiningMonitor --N 10 --duration-sec 5 --think-min-ms 10 --think-max-ms 50 --eat-min-ms 10 --eat-max-ms 50 --seed 2 --deadlock-window-ms 2000,0,5.14,0.44,0.2,12.0,45540,6324,0,2228,23,0,64,0,2026-05-14T10:26:49,java-monitor,10,5.0,10,50,10,50,5017.697,595,"[60, 62, 63, 59, 54, 63, 58, 60, 59, 57]",21142.43,16102.305,63292.17,99392.857,145057.958,False,2,0
java -cp /home/vboxuser/os-final-project/paper2-concurrency/dp/java DiningMonitor --N 10 --duration-sec 5 --think-min-ms 10 --think-max-ms 50 --eat-min-ms 10 --eat-max-ms 50 --seed 2 --deadlock-window-ms 2000,1,5.11,0.34,0.15,9.0,45520,6356,0,2251,22,0,64,0,2026-05-14T10:26:54,java-monitor,10,5.0,10,50,10,50,5016.848,604,"[59, 62, 60, 59, 58, 63, 60, 60, 61, 62]",20704.638,17050.105,56553.196,83101.049,128808.736,False,2,1
java -cp /home/vboxuser/os-final-project/paper2-concurrency/dp/java DiningMonitor --N 10 --duration-sec 5 --think-min-ms 10 --think-max-ms 50 --eat-min-ms 10 --eat-max-ms 50 --seed 3 --deadlock-window-ms 2000,0,5.08,0.33,0.13,9.0,45072,6152,0,2190,25,0,64,0,2026-05-14T10:26:59,java-monitor,10,5.0,10,50,10,50,5016.873,599,"[66, 62, 58, 59, 60, 56, 61, 60, 58, 59]",21434.05,17166.398,60239.561,97261.381,109159.483,False,3,0
java -cp /home/vboxuser/os-final-project/paper2-concurrency/dp/java DiningMonitor --N 10 --duration-sec 5 --think-min-ms 10 --think-max-ms 50 --eat-min-ms 10 --eat-max-ms 50 --seed 3 --deadlock-window-ms 2000,1,5.08,0.34,0.12,9.0,44880,6152,0,2228,19,0,64,0,2026-05-14T10:27:05,java-monitor,10,5.0,10,50,10,50,5017.61,595,"[62, 62, 57, 54, 62, 60, 58, 62, 60, 58]",21654.85,18326.033,57817.833,94316.106,126969.513,False,3,1
java -cp /home/vboxuser/os-final-project/paper2-concurrency/dp/java DiningMonitor --N 20 --duration-sec 5 --think-min-ms 10 --think-max-ms 50 --eat-min-ms 10 --eat-max-ms 50 --seed 1 --deadlock-window-ms 2000,0,5.08,0.51,0.27,15.0,46124,6487,0,3944,24,0,64,0,2026-05-14T10:27:10,java-monitor,20,5.0,10,50,10,50,5022.977,1197,"[57, 59, 61, 61, 56, 58, 62, 60, 62, 61, 58, 56, 59, 62, 64, 61, 59, 61, 60, 60]",20938.708,16740.936,57852.209,90884.327,144726.959,False,1,0
java -cp /home/vboxuser/os-final-project/paper2-concurrency/dp/java DiningMonitor --N 20 --duration-sec 5 --think-min-ms 10 --think-max-ms 50 --eat-min-ms 10 --eat-max-ms 50 --seed 1 --deadlock-window-ms 2000,1,5.09,0.39,0.25,12.0,46120,6533,0,3989,34,0,64,0,2026-05-14T10:27:15,java-monitor,20,5.0,10,50,10,50,5032.484,1201,"[53, 60, 58, 62, 63, 59, 62, 61, 57, 64, 63, 58, 57, 64, 60, 57, 56, 62, 61, 64]",20862.586,15918.637,62804.335,99852.155,180349.184,False,1,1
java -cp /home/vboxuser/os-final-project/paper2-concurrency/dp/java DiningMonitor --N 20 --duration-sec 5 --think-min-ms 10 --think-max-ms 50 --eat-min-ms 10 --eat-max-ms 50 --seed 2 --deadlock-window-ms 2000,0,5.11,0.42,0.3,14.0,45872,6503,0,3965,28,0,64,0,2026-05-14T10:27:20,java-monitor,20,5.0,10,50,10,50,5039.109,1186,"[57, 62, 61, 57, 58, 60, 59, 61, 61, 62, 56, 56, 60, 60, 58, 59, 62, 60, 60, 57]",21070.276,16871.521,59878.935,98351.893,117814.935,False,2,0
java -cp /home/vboxuser/os-final-project/paper2-concurrency/dp/java DiningMonitor --N 20 --duration-sec 5 --think-min-ms 10 --think-max-ms 50 --eat-min-ms 10 --eat-max-ms 50 --seed 2 --deadlock-window-ms 2000,1,5.11,0.47,0.25,14.0,46280,6519,0,3955,36,0,64,0,2026-05-14T10:27:25,java-monitor,20,5.0,10,50,10,50,5033.6,1182,"[58, 62, 60, 60, 56, 59, 61, 60, 62, 57, 55, 58, 61, 61, 57, 58, 62, 58, 62, 55]",21379.111,17048.273,60480.982,107328.763,154348.67,False,2,1
java -cp /home/vboxuser/os-final-project/paper2-concurrency/dp/java DiningMonitor --N 20 --duration-sec 5 --think-min-ms 10 --think-max-ms 50 --eat-min-ms 10 --eat-max-ms 50 --seed 3 --deadlock-window-ms 2000,0,5.12,0.42,0.25,13.0,46180,6489,0,3966,27,0,64,0,2026-05-14T10:27:30,java-monitor,20,5.0,10,50,10,50,5025.15,1202,"[60, 63, 60, 56, 58, 64, 62, 61, 60, 55, 59, 61, 61, 61, 58, 61, 62, 61, 59, 60]",20599.272,16064.056,58586.091,92512.219,140138.131,False,3,0
java -cp /home/vboxuser/os-final-project/paper2-concurrency/dp/java DiningMonitor --N 20 --duration-sec 5 --think-min-ms 10 --think-max-ms 50 --eat-min-ms 10 --eat-max-ms 50 --seed 3 --deadlock-window-ms 2000,1,5.11,0.48,0.27,14.0,46180,6530,0,3915,32,0,64,0,2026-05-14T10:27:35,java-monitor,20,5.0,10,50,10,50,5021.593,1192,"[64, 61, 60, 58, 59, 61, 60, 60, 58, 58, 55, 62, 58, 57, 58, 65, 59, 61, 60, 58]",20844.161,16880.604,58140.837,103292.396,136248.056,False,3,1
java -cp /home/vboxuser/os-final-project/paper2-concurrency/dp/java DiningMonitor --N 50 --duration-sec 5 --think-min-ms 10 --think-max-ms 50 --eat-min-ms 10 --eat-max-ms 50 --seed 1 --deadlock-window-ms 2000,0,5.19,0.61,0.63,24.0,47376,7500,0,9144,37,0,64,0,2026-05-14T10:27:40,java-monitor,50,5.0,10,50,10,50,5050.031,2942,"[57, 55, 60, 64, 57, 59, 59, 60, 59, 61, 58, 56, 57, 60, 61, 54, 59, 60, 61, 60, 61, 58, 58, 56, 60, 57, 59, 58, 59, 60, 59, 60, 60, 58, 63, 56, 57, 58, 60, 58, 61, 59, 62, 59, 56, 58, 61, 58, 59, 57]",21525.367,17496.485,60425.066,98442.438,145061.009,False,1,0
java -cp /home/vboxuser/os-final-project/paper2-concurrency/dp/java DiningMonitor --N 50 --duration-sec 5 --think-min-ms 10 --think-max-ms 50 --eat-min-ms 10 --eat-max-ms 50 --seed 1 --deadlock-window-ms 2000,1,5.1,0.58,0.55,22.0,47180,7455,0,9170,51,0,64,0,2026-05-14T10:27:45,java-monitor,50,5.0,10,50,10,50,5039.97,2973,"[55, 59, 57, 63, 58, 60, 59, 61, 61, 60, 60, 58, 61, 60, 62, 57, 58, 62, 60, 62, 63, 60, 58, 59, 61, 59, 61, 60, 58, 58, 61, 59, 59, 61, 59, 56, 59, 58, 61, 59, 60, 59, 61, 57, 59, 60, 58, 62, 57, 58]",21281.023,17466.485,59608.559,87945.222,168126.959,False,1,1
java -cp /home/vboxuser/os-final-project/paper2-concurrency/dp/java DiningMonitor --N 50 --duration-sec 5 --think-min-ms 10 --think-max-ms 50 --eat-min-ms 10 --eat-max-ms 50 --seed 2 --deadlock-window-ms 2000,0,5.09,0.68,0.72,27.0,47316,7460,0,9134,67,0,64,0,2026-05-14T10:27:51,java-monitor,50,5.0,10,50,10,50,5043.843,2933,"[58, 58, 61, 61, 58, 59, 62, 57, 60, 62, 54, 59, 61, 61, 56, 61, 60, 58, 59, 62, 55, 59, 58, 60, 59, 59, 58, 59, 57, 60, 58, 58, 59, 61, 56, 58, 57, 60, 58, 59, 56, 63, 57, 56, 59, 59, 59, 56, 55, 58]",21460.711,16651.853,60280.649,99433.239,156137.816,False,2,0
java -cp /home/vboxuser/os-final-project/paper2-concurrency/dp/java DiningMonitor --N 50 --duration-sec 5 --think-min-ms 10 --think-max-ms 50 --eat-min-ms 10 --eat-max-ms 50 --seed 2 --deadlock-window-ms 2000,1,5.11,0.67,0.57,24.0,47084,7364,0,9234,66,0,64,0,2026-05-14T10:27:56,java-monitor,50,5.0,10,50,10,50,5049.895,2963,"[58, 60, 64, 57, 58, 60, 61, 62, 63, 59, 57, 55, 62, 60, 58, 60, 62, 59, 63, 61, 60, 55, 58, 60, 58, 59, 59, 60, 59, 60, 58, 58, 63, 58, 56, 57, 60, 57, 60, 57, 61, 61, 58, 58, 60, 61, 61, 58, 55, 59]",21254.969,17468.11,59603.31,86571.086,129354.166,False,2,1
java -cp /home/vboxuser/os-final-project/paper2-concurrency/dp/java DiningMonitor --N 50 --duration-sec 5 --think-min-ms 10 --think-max-ms 50 --eat-min-ms 10 --eat-max-ms 50 --seed 3 --deadlock-window-ms 2000,0,5.09,0.48,0.4,17.0,47280,7421,0,9294,49,0,64,0,2026-05-14T10:28:01,java-monitor,50,5.0,10,50,10,50,5037.264,3003,"[63, 63, 59, 59, 63, 60, 62, 59, 62, 57, 56, 63, 62, 56, 63, 62, 60, 61, 58, 57, 60, 58, 63, 60, 62, 59, 60, 59, 60, 58, 57, 59, 64, 59, 58, 61, 60, 59, 59, 62, 62, 58, 59, 62, 59, 62, 59, 58, 61, 61]",20599.104,16789.896,57486.125,87593.471,181775.873,False,3,0
java -cp /home/vboxuser/os-final-project/paper2-concurrency/dp/java DiningMonitor --N 50 --duration-sec 5 --think-min-ms 10 --think-max-ms 50 --eat-min-ms 10 --eat-max-ms 50 --seed 3 --deadlock-window-ms 2000,1,5.11,0.53,0.41,18.0,47264,7414,0,9252,35,0,64,0,2026-05-14T10:28:06,java-monitor,50,5.0,10,50,10,50,5035.847,2981,"[60, 63, 57, 60, 62, 62, 59, 62, 63, 53, 59, 61, 59, 57, 57, 60, 61, 56, 63, 57, 60, 58, 59, 63, 58, 61, 59, 59, 63, 60, 58, 60, 57, 56, 60, 56, 60, 60, 59, 60, 61, 61, 58, 61, 60, 64, 61, 58, 61, 59]",21148.994,17127.107,57619.126,94605.157,174366.935,False,3,1
java -cp /home/vboxuser/os-final-project/paper2-concurrency/dp/java DiningSemaphore --N 5 --duration-sec 5 --think-min-ms 10 --think-max-ms 50 --eat-min-ms 10 --eat-max-ms 50 --seed 1 --deadlock-window-ms 2000,0,5.08,0.21,0.08,6.0,43156,5685,0,1353,20,8,64,0,2026-05-14T10:28:11,java-semaphore,5,5.0,10,50,10,50,5022.683,265,"[52, 52, 55, 55, 51]",30536.836,24945.843,96061.045,129420.586,139167.171,False,1,0
java -cp /home/vboxuser/os-final-project/paper2-concurrency/dp/java DiningSemaphore --N 5 --duration-sec 5 --think-min-ms 10 --think-max-ms 50 --eat-min-ms 10 --eat-max-ms 50 --seed 1 --deadlock-window-ms 2000,1,5.09,0.2,0.07,5.0,44332,6006,0,1239,21,0,64,0,2026-05-14T10:28:16,java-semaphore,5,5.0,10,50,10,50,5023.458,232,"[45, 45, 48, 48, 46]",43258.644,29070.42,120288.382,147816.497,151151.443,False,1,1
java -cp /home/vboxuser/os-final-project/paper2-concurrency/dp/java DiningSemaphore --N 5 --duration-sec 5 --think-min-ms 10 --think-max-ms 50 --eat-min-ms 10 --eat-max-ms 50 --seed 2 --deadlock-window-ms 2000,0,5.13,0.24,0.11,7.0,43024,5638,0,1299,18,0,64,0,2026-05-14T10:28:21,java-semaphore,5,5.0,10,50,10,50,5015.788,250,"[49, 52, 51, 49, 49]",36720.1,24812.508,119674.002,139310.506,142715.536,False,2,0
java -cp /home/vboxuser/os-final-project/paper2-concurrency/dp/java DiningSemaphore --N 5 --duration-sec 5 --think-min-ms 10 --think-max-ms 50 --eat-min-ms 10 --eat-max-ms 50 --seed 2 --deadlock-window-ms 2000,1,5.09,0.24,0.09,6.0,43280,5707,0,1269,9,0,64,0,2026-05-14T10:28:26,java-semaphore,5,5.0,10,50,10,50,5014.272,244,"[47, 51, 50, 47, 49]",39952.11,32376.95,112464.731,130873.351,134576.549,False,2,1
java -cp /home/vboxuser/os-final-project/paper2-concurrency/dp/java DiningSemaphore --N 5 --duration-sec 5 --think-min-ms 10 --think-max-ms 50 --eat-min-ms 10 --eat-max-ms 50 --seed 3 --deadlock-window-ms 2000,0,5.09,0.23,0.14,7.0,44432,5991,0,1280,16,0,64,0,2026-05-14T10:28:31,java-semaphore,5,5.0,10,50,10,50,5017.955,252,"[51, 53, 48, 49, 51]",35036.395,26248.646,101598.47,135889.436,149780.933,False,3,0
java -cp /home/vboxuser/os-final-project/paper2-concurrency/dp/java DiningSemaphore --N 5 --duration-sec 5 --think-min-ms 10 --think-max-ms 50 --eat-min-ms 10 --eat-max-ms 50 --seed 3 --deadlock-window-ms 2000,1,5.13,0.29,0.18,9.0,44372,6000,0,1267,15,0,64,0,2026-05-14T10:28:37,java-semaphore,5,5.0,10,50,10,50,5016.913,242,"[49, 49, 47, 47, 50]",40718.441,25651.849,118832.039,140695.271,156318.241,False,3,1
java -cp /home/vboxuser/os-final-project/paper2-concurrency/dp/java DiningSemaphore --N 10 --duration-sec 5 --think-min-ms 10 --think-max-ms 50 --eat-min-ms 10 --eat-max-ms 50 --seed 1 --deadlock-window-ms 2000,0,5.14,0.26,0.13,7.0,44112,5975,0,1696,15,0,64,0,2026-05-14T10:28:42,java-semaphore,10,5.0,10,50,10,50,5023.01,360,"[36, 36, 39, 37, 35, 35, 34, 35, 36, 37]",74399.107,68604.475,186540.047,216093.722,250783.65,False,1,0
java -cp /home/vboxuser/os-final-project/paper2-concurrency/dp/java DiningSemaphore --N 10 --duration-sec 5 --think-min-ms 10 --think-max-ms 50 --eat-min-ms 10 --eat-max-ms 50 --seed 1 --deadlock-window-ms 2000,1,5.12,0.47,0.23,13.0,45488,6305,0,1915,29,0,64,0,2026-05-14T10:28:47,java-semaphore,10,5.0,10,50,10,50,5029.34,409,"[39, 40, 40, 41, 41, 41, 43, 42, 41, 41]",57077.116,41579.697,171844.961,212736.527,230456.349,False,1,1
java -cp /home/vboxuser/os-final-project/paper2-concurrency/dp/java DiningSemaphore --N 10 --duration-sec 5 --think-min-ms 10 --think-max-ms 50 --eat-min-ms 10 --eat-max-ms 50 --seed 2 --deadlock-window-ms 2000,0,5.11,0.43,0.18,12.0,45244,6279,0,2048,24,0,64,0,2026-05-14T10:28:52,java-semaphore,10,5.0,10,50,10,50,5026.892,455,"[43, 48, 48, 45, 44, 44, 45, 46, 45, 47]",44974.57,34302.675,116491.436,172409.759,228706.418,False,2,0
java -cp /home/vboxuser/os-final-project/paper2-concurrency/dp/java DiningSemaphore --N 10 --duration-sec 5 --think-min-ms 10 --think-max-ms 50 --eat-min-ms 10 --eat-max-ms 50 --seed 2 --deadlock-window-ms 2000,1,5.11,0.36,0.24,11.0,45036,6139,0,1865,17,0,64,0,2026-05-14T10:28:57,java-semaphore,10,5.0,10,50,10,50,5029.088,398,"[38, 42, 43, 40, 39, 39, 40, 39, 38, 40]",61434.241,55667.321,144231.638,186193.588,227004.779,False,2,1
java -cp /home/vboxuser/os-final-project/paper2-concurrency/dp/java DiningSemaphore --N 10 --duration-sec 5 --think-min-ms 10 --think-max-ms 50 --eat-min-ms 10 --eat-max-ms 50 --seed 3 --deadlock-window-ms 2000,0,5.09,0.28,0.14,8.0,45220,6172,0,1887,14,0,64,0,2026-05-14T10:29:02,java-semaphore,10,5.0,10,50,10,50,5013.843,409,"[43, 44, 41, 40, 41, 40, 40, 40, 40, 40]",58738.59,41892.617,181356.214,208319.95,250892.656,False,3,0
java -cp /home/vboxuser/os-final-project/paper2-concurrency/dp/java DiningSemaphore --N 10 --duration-sec 5 --think-min-ms 10 --think-max-ms 50 --eat-min-ms 10 --eat-max-ms 50 --seed 3 --deadlock-window-ms 2000,1,5.15,0.36,0.22,11.0,45472,6196,0,2160,20,0,64,0,2026-05-14T10:29:07,java-semaphore,10,5.0,10,50,10,50,5017.873,487,"[52, 52, 48, 47, 45, 48, 47, 49, 49, 50]",39284.108,35068.682,102274.438,132940.373,164109.23,False,3,1
java -cp /home/vboxuser/os-final-project/paper2-concurrency/dp/java DiningSemaphore --N 20 --duration-sec 5 --think-min-ms 10 --think-max-ms 50 --eat-min-ms 10 --eat-max-ms 50 --seed 1 --deadlock-window-ms 2000,0,5.12,0.3,0.25,10.0,43924,4260,0,3470,28,0,64,0,2026-05-14T10:29:12,java-semaphore,20,5.0,10,50,10,50,5031.305,851,"[41, 41, 44, 45, 43, 42, 43, 42, 41, 42, 43, 41, 40, 41, 42, 42, 47, 45, 42, 44]",53529.687,38852.466,171776.131,242200.916,277910.062,False,1,0
java -cp /home/vboxuser/os-final-project/paper2-concurrency/dp/java DiningSemaphore --N 20 --duration-sec 5 --think-min-ms 10 --think-max-ms 50 --eat-min-ms 10 --eat-max-ms 50 --seed 1 --deadlock-window-ms 2000,1,5.09,0.31,0.2,10.0,45724,6459,0,3050,21,0,64,0,2026-05-14T10:29:18,java-semaphore,20,5.0,10,50,10,50,5019.638,731,"[36, 36, 38, 38, 36, 35, 34, 35, 35, 35, 37, 38, 37, 37, 38, 37, 38, 37, 36, 38]",71975.159,49923.188,216097.229,248847.433,299872.713,False,1,1
java -cp /home/vboxuser/os-final-project/paper2-concurrency/dp/java DiningSemaphore --N 20 --duration-sec 5 --think-min-ms 10 --think-max-ms 50 --eat-min-ms 10 --eat-max-ms 50 --seed 2 --deadlock-window-ms 2000,0,5.09,0.38,0.24,12.0,46240,6518,0,3424,33,0,64,0,2026-05-14T10:29:23,java-semaphore,20,5.0,10,50,10,50,5019.927,837,"[41, 43, 44, 42, 42, 42, 41, 41, 42, 42, 41, 42, 41, 41, 41, 43, 43, 41, 42, 42]",55793.114,40006.268,157422.257,212170.529,259947.448,False,2,0
java -cp /home/vboxuser/os-final-project/paper2-concurrency/dp/java DiningSemaphore --N 20 --duration-sec 5 --think-min-ms 10 --think-max-ms 50 --eat-min-ms 10 --eat-max-ms 50 --seed 2 --deadlock-window-ms 2000,1,5.1,0.34,0.33,13.0,46172,6635,0,3109,24,0,64,0,2026-05-14T10:29:28,java-semaphore,20,5.0,10,50,10,50,5036.544,752,"[38, 40, 40, 37, 36, 36, 37, 38, 38, 36, 36, 37, 37, 38, 38, 37, 38, 37, 38, 40]",69118.431,45364.357,206042.059,255082.823,275593.711,False,2,1
java -cp /home/vboxuser/os-final-project/paper2-concurrency/dp/java DiningSemaphore --N 20 --duration-sec 5 --think-min-ms 10 --think-max-ms 50 --eat-min-ms 10 --eat-max-ms 50 --seed 3 --deadlock-window-ms 2000,0,5.11,0.35,0.22,11.0,46144,6462,0,3236,29,0,64,0,2026-05-14T10:29:33,java-semaphore,20,5.0,10,50,10,50,5022.702,780,"[44, 42, 39, 38, 36, 37, 37, 38, 38, 38, 38, 37, 38, 37, 39, 39, 39, 41, 42, 43]",64599.134,47366.332,178646.11,219883.348,253593.02,False,3,0
java -cp /home/vboxuser/os-final-project/paper2-concurrency/dp/java DiningSemaphore --N 20 --duration-sec 5 --think-min-ms 10 --think-max-ms 50 --eat-min-ms 10 --eat-max-ms 50 --seed 3 --deadlock-window-ms 2000,1,5.11,0.44,0.32,15.0,46272,6500,0,3457,32,0,64,0,2026-05-14T10:29:38,java-semaphore,20,5.0,10,50,10,50,5042.25,847,"[45, 45, 41, 41, 40, 40, 41, 41, 42, 40, 42, 42, 42, 41, 42, 45, 43, 45, 44, 45]",54737.752,37394.579,157222.882,194616.752,220689.647,False,3,1
java -cp /home/vboxuser/os-final-project/paper2-concurrency/dp/java DiningSemaphore --N 50 --duration-sec 5 --think-min-ms 10 --think-max-ms 50 --eat-min-ms 10 --eat-max-ms 50 --seed 1 --deadlock-window-ms 2000,0,5.1,0.61,0.49,21.0,46208,5587,0,7807,58,0,64,0,2026-05-14T10:29:43,java-semaphore,50,5.0,10,50,10,50,5045.705,2099,"[40, 40, 44, 44, 41, 41, 40, 42, 41, 41, 42, 40, 42, 42, 43, 42, 42, 42, 43, 45, 44, 45, 44, 48, 48, 44, 46, 43, 41, 40, 40, 40, 41, 40, 42, 40, 42, 40, 41, 40, 41, 42, 42, 41, 42, 40, 41, 42, 41, 41]",55263.844,39092.885,167184.511,270894.716,351605.216,False,1,0
java -cp /home/vboxuser/os-final-project/paper2-concurrency/dp/java DiningSemaphore --N 50 --duration-sec 5 --think-min-ms 10 --think-max-ms 50 --eat-min-ms 10 --eat-max-ms 50 --seed 1 --deadlock-window-ms 2000,1,5.13,0.6,0.51,21.0,47192,7442,0,7710,49,0,64,0,2026-05-14T10:29:48,java-semaphore,50,5.0,10,50,10,50,5036.147,2045,"[42, 44, 43, 45, 41, 41, 41, 40, 41, 41, 42, 41, 42, 42, 43, 42, 42, 42, 40, 41, 38, 37, 38, 39, 40, 38, 38, 39, 39, 38, 39, 39, 39, 38, 40, 41, 41, 40, 41, 40, 42, 43, 41, 42, 43, 41, 43, 45, 44, 43]",57892.815,41991.661,168835.902,242204.672,294169.546,False,1,1
java -cp /home/vboxuser/os-final-project/paper2-concurrency/dp/java DiningSemaphore --N 50 --duration-sec 5 --think-min-ms 10 --think-max-ms 50 --eat-min-ms 10 --eat-max-ms 50 --seed 2 --deadlock-window-ms 2000,0,5.1,0.54,0.59,22.0,47284,7412,0,7767,55,0,64,0,2026-05-14T10:29:53,java-semaphore,50,5.0,10,50,10,50,5046.086,2044,"[40, 41, 42, 39, 39, 38, 38, 39, 40, 40, 39, 41, 42, 43, 42, 41, 42, 42, 44, 44, 43, 42, 44, 44, 42, 41, 42, 41, 40, 40, 40, 41, 40, 41, 40, 40, 40, 39, 39, 41, 42, 43, 43, 41, 40, 40, 40, 39, 39, 41]",58086.707,45494.567,160350.286,204904.344,277040.563,False,2,0
java -cp /home/vboxuser/os-final-project/paper2-concurrency/dp/java DiningSemaphore --N 50 --duration-sec 5 --think-min-ms 10 --think-max-ms 50 --eat-min-ms 10 --eat-max-ms 50 --seed 2 --deadlock-window-ms 2000,1,5.13,0.52,0.53,20.0,46688,7157,0,7165,56,0,64,0,2026-05-14T10:29:59,java-semaphore,50,5.0,10,50,10,50,5061.904,1857,"[37, 39, 39, 36, 36, 37, 38, 38, 39, 39, 38, 37, 37, 38, 38, 38, 39, 39, 41, 39, 38, 39, 41, 41, 38, 37, 37, 36, 34, 34, 34, 36, 35, 36, 36, 36, 36, 34, 35, 37, 37, 37, 37, 36, 36, 36, 37, 36, 36, 37]",71078.551,57137.127,176509.221,217621.208,259393.783,False,2,1
java -cp /home/vboxuser/os-final-project/paper2-concurrency/dp/java DiningSemaphore --N 50 --duration-sec 5 --think-min-ms 10 --think-max-ms 50 --eat-min-ms 10 --eat-max-ms 50 --seed 3 --deadlock-window-ms 2000,0,5.12,0.58,0.5,21.0,47548,7444,0,7450,54,0,64,0,2026-05-14T10:30:04,java-semaphore,50,5.0,10,50,10,50,5030.605,1959,"[42, 44, 41, 40, 39, 40, 40, 40, 40, 38, 38, 38, 39, 39, 39, 40, 37, 40, 40, 39, 37, 39, 40, 39, 38, 39, 37, 37, 38, 38, 40, 37, 39, 38, 39, 38, 38, 37, 39, 39, 40, 39, 41, 40, 40, 40, 40, 39, 41, 40]",63664.803,46841.829,180257.504,306396.781,344574.201,False,3,0
java -cp /home/vboxuser/os-final-project/paper2-concurrency/dp/java DiningSemaphore --N 50 --duration-sec 5 --think-min-ms 10 --think-max-ms 50 --eat-min-ms 10 --eat-max-ms 50 --seed 3 --deadlock-window-ms 2000,1,5.11,0.61,0.54,22.0,47164,7382,0,7027,57,0,64,0,2026-05-14T10:30:09,java-semaphore,50,5.0,10,50,10,50,5038.823,1844,"[39, 39, 37, 36, 35, 36, 36, 36, 39, 37, 37, 37, 38, 38, 38, 41, 37, 39, 39, 37, 37, 38, 38, 35, 35, 35, 34, 32, 33, 33, 35, 34, 37, 36, 36, 36, 34, 34, 37, 34, 36, 38, 38, 39, 39, 40, 39, 38, 42, 41]",70486.269,46632.328,221386.742,302082.036,349407.495,False,3,1
java -cp /home/vboxuser/os-final-project/paper2-concurrency/dp/java DiningHierarchy --N 5 --duration-sec 5 --think-min-ms 10 --think-max-ms 50 --eat-min-ms 10 --eat-max-ms 50 --seed 1 --deadlock-window-ms 2000,0,5.08,0.23,0.1,6.0,44240,5971,0,1856,16,8,64,0,2026-05-14T10:30:14,java-hierarchy,5,5.0,10,50,10,50,5016.107,274,"[48, 53, 57, 64, 52]",26492.072,22360.697,69200.485,128644.509,140858.199,False,1,0
java -cp /home/vboxuser/os-final-project/paper2-concurrency/dp/java DiningHierarchy --N 5 --duration-sec 5 --think-min-ms 10 --think-max-ms 50 --eat-min-ms 10 --eat-max-ms 50 --seed 1 --deadlock-window-ms 2000,1,5.11,0.22,0.11,6.0,44496,6037,0,1826,14,0,64,0,2026-05-14T10:30:19,java-hierarchy,5,5.0,10,50,10,50,5015.787,274,"[49, 53, 59, 65, 48]",27220.636,21590.482,78903.153,128852.928,157595.306,False,1,1
java -cp /home/vboxuser/os-final-project/paper2-concurrency/dp/java DiningHierarchy --N 5 --duration-sec 5 --think-min-ms 10 --think-max-ms 50 --eat-min-ms 10 --eat-max-ms 50 --seed 2 --deadlock-window-ms 2000,0,5.1,0.23,0.15,7.0,44360,5984,0,1848,10,0,64,0,2026-05-14T10:30:24,java-hierarchy,5,5.0,10,50,10,50,5012.622,282,"[52, 55, 61, 61, 53]",25354.939,22299.155,65537.578,91480.306,109194.171,False,2,0
java -cp /home/vboxuser/os-final-project/paper2-concurrency/dp/java DiningHierarchy --N 5 --duration-sec 5 --think-min-ms 10 --think-max-ms 50 --eat-min-ms 10 --eat-max-ms 50 --seed 2 --deadlock-window-ms 2000,1,5.1,0.3,0.13,8.0,44484,6002,0,1870,20,0,64,0,2026-05-14T10:30:29,java-hierarchy,5,5.0,10,50,10,50,5018.784,283,"[50, 58, 61, 61, 53]",24166.106,18876.375,72587.098,107538.74,129367.558,False,2,1
java -cp /home/vboxuser/os-final-project/paper2-concurrency/dp/java DiningHierarchy --N 5 --duration-sec 5 --think-min-ms 10 --think-max-ms 50 --eat-min-ms 10 --eat-max-ms 50 --seed 3 --deadlock-window-ms 2000,0,5.1,0.28,0.11,7.0,44880,6142,0,1883,16,0,64,0,2026-05-14T10:30:34,java-hierarchy,5,5.0,10,50,10,50,5013.304,282,"[49, 61, 58, 62, 52]",25265.529,20993.56,71077.336,93350.824,114041.84,False,3,0
java -cp /home/vboxuser/os-final-project/paper2-concurrency/dp/java DiningHierarchy --N 5 --duration-sec 5 --think-min-ms 10 --think-max-ms 50 --eat-min-ms 10 --eat-max-ms 50 --seed 3 --deadlock-window-ms 2000,1,5.11,0.22,0.15,7.0,44496,6091,0,1883,18,0,64,0,2026-05-14T10:30:39,java-hierarchy,5,5.0,10,50,10,50,5014.341,283,"[51, 59, 59, 61, 53]",25532.491,20922.518,71319.296,117401.203,139578.108,False,3,1
java -cp /home/vboxuser/os-final-project/paper2-concurrency/dp/java DiningHierarchy --N 10 --duration-sec 5 --think-min-ms 10 --think-max-ms 50 --eat-min-ms 10 --eat-max-ms 50 --seed 1 --deadlock-window-ms 2000,0,5.1,0.31,0.23,10.0,44880,6129,0,3307,8,0,64,0,2026-05-14T10:30:45,java-hierarchy,10,5.0,10,50,10,50,5019.217,539,"[44, 47, 56, 55, 52, 54, 57, 62, 63, 49]",29415.769,24841.344,82474.686,109320.882,132412.086,False,1,0
java -cp /home/vboxuser/os-final-project/paper2-concurrency/dp/java DiningHierarchy --N 10 --duration-sec 5 --think-min-ms 10 --think-max-ms 50 --eat-min-ms 10 --eat-max-ms 50 --seed 1 --deadlock-window-ms 2000,1,5.11,0.32,0.22,10.0,45228,6257,0,3266,27,0,64,0,2026-05-14T10:30:50,java-hierarchy,10,5.0,10,50,10,50,5017.589,534,"[45, 49, 54, 54, 53, 53, 55, 61, 63, 47]",29830.822,24415.299,85731.091,126334.949,227657.761,False,1,1
java -cp /home/vboxuser/os-final-project/paper2-concurrency/dp/java DiningHierarchy --N 10 --duration-sec 5 --think-min-ms 10 --think-max-ms 50 --eat-min-ms 10 --eat-max-ms 50 --seed 2 --deadlock-window-ms 2000,0,5.09,0.29,0.18,9.0,44932,6131,0,3357,22,0,64,0,2026-05-14T10:30:55,java-hierarchy,10,5.0,10,50,10,50,5017.113,547,"[46, 56, 56, 52, 52, 55, 55, 62, 64, 49]",29320.537,22118.695,85530.339,131443.411,151343.629,False,2,0
java -cp /home/vboxuser/os-final-project/paper2-concurrency/dp/java DiningHierarchy --N 10 --duration-sec 5 --think-min-ms 10 --think-max-ms 50 --eat-min-ms 10 --eat-max-ms 50 --seed 2 --deadlock-window-ms 2000,1,5.1,0.34,0.18,10.0,45036,6157,0,3407,18,0,64,0,2026-05-14T10:31:00,java-hierarchy,10,5.0,10,50,10,50,5018.599,558,"[48, 55, 57, 54, 54, 56, 58, 60, 64, 52]",27472.872,24029.796,70226.412,99997.634,125570.526,False,2,1
java -cp /home/vboxuser/os-final-project/paper2-concurrency/dp/java DiningHierarchy --N 10 --duration-sec 5 --think-min-ms 10 --think-max-ms 50 --eat-min-ms 10 --eat-max-ms 50 --seed 3 --deadlock-window-ms 2000,0,5.09,0.32,0.22,10.0,44624,6112,0,3317,18,0,64,0,2026-05-14T10:31:05,java-hierarchy,10,5.0,10,50,10,50,5016.929,546,"[48, 55, 51, 51, 53, 58, 57, 63, 63, 47]",29684.415,23087.538,83033.359,132101.751,144049.44,False,3,0
java -cp /home/vboxuser/os-final-project/paper2-concurrency/dp/java DiningHierarchy --N 10 --duration-sec 5 --think-min-ms 10 --think-max-ms 50 --eat-min-ms 10 --eat-max-ms 50 --seed 3 --deadlock-window-ms 2000,1,5.07,0.26,0.18,8.0,45152,6237,0,3278,22,0,64,0,2026-05-14T10:31:10,java-hierarchy,10,5.0,10,50,10,50,5012.261,531,"[45, 52, 48, 49, 54, 57, 57, 61, 63, 45]",31998.757,24005.129,95375.385,156610.301,207389.293,False,3,1
java -cp /home/vboxuser/os-final-project/paper2-concurrency/dp/java DiningHierarchy --N 20 --duration-sec 5 --think-min-ms 10 --think-max-ms 50 --eat-min-ms 10 --eat-max-ms 50 --seed 1 --deadlock-window-ms 2000,0,5.1,0.4,0.33,14.0,46024,6465,0,5992,29,0,64,0,2026-05-14T10:31:15,java-hierarchy,20,5.0,10,50,10,50,5022.993,985,"[41, 45, 45, 47, 45, 44, 43, 45, 45, 48, 50, 51, 51, 54, 53, 53, 56, 61, 63, 45]",38443.384,27286.324,127968.466,163140.568,196620.197,False,1,0
java -cp /home/vboxuser/os-final-project/paper2-concurrency/dp/java DiningHierarchy --N 20 --duration-sec 5 --think-min-ms 10 --think-max-ms 50 --eat-min-ms 10 --eat-max-ms 50 --seed 1 --deadlock-window-ms 2000,1,5.07,0.36,0.35,14.0,45748,6491,0,6096,27,0,64,0,2026-05-14T10:31:20,java-hierarchy,20,5.0,10,50,10,50,5018.204,1012,"[43, 44, 48, 49, 46, 46, 46, 47, 47, 49, 50, 51, 53, 54, 56, 54, 56, 61, 63, 49]",35548.24,28019.081,100215.178,136706.752,170062.672,False,1,1
java -cp /home/vboxuser/os-final-project/paper2-concurrency/dp/java DiningHierarchy --N 20 --duration-sec 5 --think-min-ms 10 --think-max-ms 50 --eat-min-ms 10 --eat-max-ms 50 --seed 2 --deadlock-window-ms 2000,0,5.08,0.44,0.41,17.0,44504,6064,0,5863,38,0,64,0,2026-05-14T10:31:25,java-hierarchy,20,5.0,10,50,10,50,5024.845,967,"[42, 45, 46, 42, 42, 41, 42, 44, 45, 45, 46, 49, 52, 55, 53, 55, 59, 58, 64, 42]",38329.024,31296.527,106041.022,144377.944,200995.863,False,2,0
java -cp /home/vboxuser/os-final-project/paper2-concurrency/dp/java DiningHierarchy --N 20 --duration-sec 5 --think-min-ms 10 --think-max-ms 50 --eat-min-ms 10 --eat-max-ms 50 --seed 2 --deadlock-window-ms 2000,1,5.1,0.41,0.33,14.0,45912,6423,0,5825,21,0,64,0,2026-05-14T10:31:30,java-hierarchy,20,5.0,10,50,10,50,5018.076,948,"[41, 46, 46, 43, 42, 43, 43, 44, 43, 45, 43, 44, 47, 50, 52, 54, 57, 58, 65, 42]",42065.823,33792.549,117399.289,159034.283,199680.226,False,2,1
java -cp /home/vboxuser/os-final-project/paper2-concurrency/dp/java DiningHierarchy --N 20 --duration-sec 5 --think-min-ms 10 --think-max-ms 50 --eat-min-ms 10 --eat-max-ms 50 --seed 3 --deadlock-window-ms 2000,0,5.1,0.4,0.33,14.0,46008,6431,0,6108,20,0,64,0,2026-05-14T10:31:35,java-hierarchy,20,5.0,10,50,10,50,5018.277,1009,"[45, 46, 47, 45, 45, 47, 47, 49, 50, 47, 49, 50, 51, 50, 54, 56, 58, 61, 65, 47]",36271.199,28634.92,102996.203,129507.814,164465.832,False,3,0
java -cp /home/vboxuser/os-final-project/paper2-concurrency/dp/java DiningHierarchy --N 20 --duration-sec 5 --think-min-ms 10 --think-max-ms 50 --eat-min-ms 10 --eat-max-ms 50 --seed 3 --deadlock-window-ms 2000,1,5.1,0.41,0.29,13.0,46076,6506,0,5954,24,0,64,0,2026-05-14T10:31:41,java-hierarchy,20,5.0,10,50,10,50,5026.295,984,"[43, 45, 45, 44, 43, 45, 45, 46, 48, 49, 50, 52, 51, 51, 52, 53, 54, 60, 64, 44]",38741.095,28898.923,109521.97,148853.11,232684.644,False,3,1
java -cp /home/vboxuser/os-final-project/paper2-concurrency/dp/java DiningHierarchy --N 50 --duration-sec 5 --think-min-ms 10 --think-max-ms 50 --eat-min-ms 10 --eat-max-ms 50 --seed 1 --deadlock-window-ms 2000,0,5.09,0.47,0.63,21.0,46560,7276,0,14211,51,0,64,0,2026-05-14T10:31:46,java-hierarchy,50,5.0,10,50,10,50,5029.396,2330,"[39, 42, 46, 46, 42, 42, 42, 42, 42, 43, 43, 43, 41, 41, 42, 42, 42, 45, 45, 45, 46, 46, 45, 47, 47, 43, 45, 44, 44, 44, 45, 47, 47, 47, 48, 49, 49, 48, 48, 49, 52, 50, 55, 55, 57, 56, 59, 61, 63, 39]",44328.147,33072.668,126142.826,242599.441,316266.803,False,1,0
java -cp /home/vboxuser/os-final-project/paper2-concurrency/dp/java DiningHierarchy --N 50 --duration-sec 5 --think-min-ms 10 --think-max-ms 50 --eat-min-ms 10 --eat-max-ms 50 --seed 1 --deadlock-window-ms 2000,1,5.09,0.51,0.68,23.0,46640,7281,0,13998,61,0,64,0,2026-05-14T10:31:51,java-hierarchy,50,5.0,10,50,10,50,5032.843,2283,"[38, 41, 44, 45, 42, 41, 41, 40, 40, 40, 41, 41, 41, 42, 40, 40, 39, 42, 43, 42, 41, 40, 43, 44, 46, 46, 47, 47, 46, 44, 46, 46, 46, 46, 49, 48, 49, 50, 48, 49, 52, 47, 53, 52, 57, 57, 58, 60, 64, 39]",46229.73,34490.806,143056.143,203914.974,253042.242,False,1,1
java -cp /home/vboxuser/os-final-project/paper2-concurrency/dp/java DiningHierarchy --N 50 --duration-sec 5 --think-min-ms 10 --think-max-ms 50 --eat-min-ms 10 --eat-max-ms 50 --seed 2 --deadlock-window-ms 2000,0,5.1,0.52,0.74,24.0,46416,7256,0,14092,49,0,64,0,2026-05-14T10:31:56,java-hierarchy,50,5.0,10,50,10,50,5034.647,2294,"[38, 43, 44, 41, 41, 39, 40, 41, 41, 42, 42, 41, 43, 45, 42, 42, 45, 44, 46, 45, 44, 43, 46, 46, 44, 44, 43, 43, 42, 45, 45, 45, 46, 48, 48, 48, 47, 47, 48, 49, 51, 52, 53, 53, 53, 56, 58, 59, 65, 38]",46629.092,35039.269,136092.248,226447.633,292218.216,False,2,0
java -cp /home/vboxuser/os-final-project/paper2-concurrency/dp/java DiningHierarchy --N 50 --duration-sec 5 --think-min-ms 10 --think-max-ms 50 --eat-min-ms 10 --eat-max-ms 50 --seed 2 --deadlock-window-ms 2000,1,5.08,0.5,0.61,21.0,46776,7280,0,13697,56,0,64,0,2026-05-14T10:32:01,java-hierarchy,50,5.0,10,50,10,50,5024.167,2215,"[36, 38, 39, 36, 36, 36, 38, 38, 38, 37, 38, 36, 39, 40, 40, 40, 42, 41, 42, 43, 41, 43, 45, 45, 41, 42, 41, 42, 41, 42, 44, 44, 44, 46, 46, 46, 47, 48, 48, 49, 53, 53, 56, 57, 57, 59, 60, 61, 66, 35]",49920.328,35125.603,153157.483,229044.156,295292.785,False,2,1
java -cp /home/vboxuser/os-final-project/paper2-concurrency/dp/java DiningHierarchy --N 50 --duration-sec 5 --think-min-ms 10 --think-max-ms 50 --eat-min-ms 10 --eat-max-ms 50 --seed 3 --deadlock-window-ms 2000,0,5.09,0.54,0.58,22.0,46624,7270,0,13995,56,0,64,0,2026-05-14T10:32:06,java-hierarchy,50,5.0,10,50,10,50,5025.786,2291,"[46, 46, 42, 41, 41, 41, 41, 42, 43, 42, 43, 42, 45, 42, 42, 43, 40, 41, 42, 42, 40, 42, 43, 40, 42, 42, 43, 41, 44, 45, 45, 45, 49, 48, 48, 47, 48, 48, 50, 48, 51, 51, 53, 54, 56, 58, 58, 58, 65, 42]",45849.543,33641.257,142164.969,203021.259,308319.901,False,3,0
java -cp /home/vboxuser/os-final-project/paper2-concurrency/dp/java DiningHierarchy --N 50 --duration-sec 5 --think-min-ms 10 --think-max-ms 50 --eat-min-ms 10 --eat-max-ms 50 --seed 3 --deadlock-window-ms 2000,1,5.09,0.53,0.65,23.0,46884,7382,0,13942,49,0,64,0,2026-05-14T10:32:11,java-hierarchy,50,5.0,10,50,10,50,5032.775,2253,"[43, 43, 40, 40, 39, 39, 39, 41, 41, 40, 40, 40, 41, 42, 41, 41, 40, 41, 41, 40, 41, 43, 44, 43, 44, 44, 44, 43, 45, 44, 44, 44, 47, 47, 48, 48, 48, 47, 50, 49, 51, 51, 51, 53, 53, 55, 56, 59, 64, 41]",48106.578,37467.874,136914.548,188864.801,242111.106,False,3,1
/home/vboxuser/os-final-project/paper2-concurrency/dp/pthreads/dphil_5 --N 5 --duration-sec 5 --think-min-ms 10 --think-max-ms 50 --eat-min-ms 10 --eat-max-ms 50 --seed 1 --deadlock-window-ms 2000,0,5.07,0.01,0.06,1.0,1436,152,1,918,2,48,0,0,2026-05-14T10:32:16,c-pthreads-monitor,5,5.0,10,50,10,50,5063.798,299,"[62, 60, 59, 60, 58]",21743.133,15931.267,61571.422,115147.147,163331.241,False,1,0
/home/vboxuser/os-final-project/paper2-concurrency/dp/pthreads/dphil_5 --N 5 --duration-sec 5 --think-min-ms 10 --think-max-ms 50 --eat-min-ms 10 --eat-max-ms 50 --seed 1 --deadlock-window-ms 2000,1,5.16,0.02,0.08,2.0,1436,152,0,918,0,0,0,0,2026-05-14T10:32:21,c-pthreads-monitor,5,5.0,10,50,10,50,5156.279,300,"[61, 59, 57, 63, 60]",21610.132,16711.023,58310.184,95943.268,120255.692,False,1,1
/home/vboxuser/os-final-project/paper2-concurrency/dp/pthreads/dphil_5 --N 5 --duration-sec 5 --think-min-ms 10 --think-max-ms 50 --eat-min-ms 10 --eat-max-ms 50 --seed 2 --deadlock-window-ms 2000,0,5.11,0.02,0.06,1.0,1436,151,0,914,2,0,0,0,2026-05-14T10:32:27,c-pthreads-monitor,5,5.0,10,50,10,50,5113.373,304,"[58, 57, 62, 65, 62]",20725.456,15861.099,67916.186,96247.063,126467.915,False,2,0
/home/vboxuser/os-final-project/paper2-concurrency/dp/pthreads/dphil_5 --N 5 --duration-sec 5 --think-min-ms 10 --think-max-ms 50 --eat-min-ms 10 --eat-max-ms 50 --seed 2 --deadlock-window-ms 2000,1,5.06,0.02,0.07,1.0,1520,152,0,908,1,0,0,0,2026-05-14T10:32:32,c-pthreads-monitor,5,5.0,10,50,10,50,5062.439,301,"[61, 57, 58, 63, 62]",20704.305,15551.013,57974.931,93736.958,133067.64,False,2,1
/home/vboxuser/os-final-project/paper2-concurrency/dp/pthreads/dphil_5 --N 5 --duration-sec 5 --think-min-ms 10 --think-max-ms 50 --eat-min-ms 10 --eat-max-ms 50 --seed 3 --deadlock-window-ms 2000,0,5.05,0.0,0.08,1.0,1428,152,0,905,1,0,0,0,2026-05-14T10:32:37,c-pthreads-monitor,5,5.0,10,50,10,50,5052.162,299,"[58, 59, 62, 59, 61]",21399.79,18974.252,60143.159,99530.259,146076.797,False,3,0
/home/vboxuser/os-final-project/paper2-concurrency/dp/pthreads/dphil_5 --N 5 --duration-sec 5 --think-min-ms 10 --think-max-ms 50 --eat-min-ms 10 --eat-max-ms 50 --seed 3 --deadlock-window-ms 2000,1,5.11,0.01,0.08,1.0,1428,153,0,909,3,0,0,0,2026-05-14T10:32:42,c-pthreads-monitor,5,5.0,10,50,10,50,5104.721,301,"[57, 60, 62, 59, 63]",21707.655,15688.014,58661.271,116119.532,128294.265,False,3,1
/home/vboxuser/os-final-project/paper2-concurrency/dp/pthreads/dphil_5 --N 10 --duration-sec 5 --think-min-ms 10 --think-max-ms 50 --eat-min-ms 10 --eat-max-ms 50 --seed 1 --deadlock-window-ms 2000,0,5.1,0.02,0.13,3.0,1520,167,0,1753,1,0,0,0,2026-05-14T10:32:47,c-pthreads-monitor,10,5.0,10,50,10,50,5100.76,600,"[61, 59, 56, 60, 65, 61, 62, 58, 59, 59]",21080.879,17367.321,58677.021,84916.672,159402.416,False,1,0
/home/vboxuser/os-final-project/paper2-concurrency/dp/pthreads/dphil_5 --N 10 --duration-sec 5 --think-min-ms 10 --think-max-ms 50 --eat-min-ms 10 --eat-max-ms 50 --seed 1 --deadlock-window-ms 2000,1,5.14,0.02,0.15,3.0,1520,170,0,1746,1,0,0,0,2026-05-14T10:32:52,c-pthreads-monitor,10,5.0,10,50,10,50,5138.469,598,"[61, 57, 61, 60, 64, 61, 59, 57, 61, 57]",21398.888,15939.642,59940.158,101537.028,192282.667,False,1,1
/home/vboxuser/os-final-project/paper2-concurrency/dp/pthreads/dphil_5 --N 10 --duration-sec 5 --think-min-ms 10 --think-max-ms 50 --eat-min-ms 10 --eat-max-ms 50 --seed 2 --deadlock-window-ms 2000,0,5.15,0.03,0.15,3.0,1432,168,0,1776,0,0,0,0,2026-05-14T10:32:57,c-pthreads-monitor,10,5.0,10,50,10,50,5137.143,607,"[61, 58, 63, 63, 60, 64, 57, 59, 60, 62]",20137.946,15737.348,60500.955,80204.922,129482.443,False,2,0
/home/vboxuser/os-final-project/paper2-concurrency/dp/pthreads/dphil_5 --N 10 --duration-sec 5 --think-min-ms 10 --think-max-ms 50 --eat-min-ms 10 --eat-max-ms 50 --seed 2 --deadlock-window-ms 2000,1,5.11,0.03,0.14,3.0,1520,168,0,1773,0,0,0,0,2026-05-14T10:33:02,c-pthreads-monitor,10,5.0,10,50,10,50,5111.898,605,"[57, 58, 65, 59, 64, 64, 58, 58, 59, 63]",20502.24,16866.692,61779.716,93304.996,135445.871,False,2,1
/home/vboxuser/os-final-project/paper2-concurrency/dp/pthreads/dphil_5 --N 10 --duration-sec 5 --think-min-ms 10 --think-max-ms 50 --eat-min-ms 10 --eat-max-ms 50 --seed 3 --deadlock-window-ms 2000,0,5.11,0.02,0.18,4.0,1520,168,0,1763,2,0,0,0,2026-05-14T10:33:08,c-pthreads-monitor,10,5.0,10,50,10,50,5104.33,608,"[61, 63, 63, 63, 62, 57, 60, 59, 60, 60]",19799.09,15061.884,55293.117,85392.301,147691.272,False,3,0
/home/vboxuser/os-final-project/paper2-concurrency/dp/pthreads/dphil_5 --N 10 --duration-sec 5 --think-min-ms 10 --think-max-ms 50 --eat-min-ms 10 --eat-max-ms 50 --seed 3 --deadlock-window-ms 2000,1,5.14,0.01,0.15,3.0,1520,169,0,1781,4,0,0,0,2026-05-14T10:33:13,c-pthreads-monitor,10,5.0,10,50,10,50,5134.362,608,"[62, 62, 60, 64, 58, 60, 60, 60, 63, 59]",20196.118,16732.733,50827.328,76852.183,165020.967,False,3,1
/home/vboxuser/os-final-project/paper2-concurrency/dp/pthreads/dphil_5 --N 20 --duration-sec 5 --think-min-ms 10 --think-max-ms 50 --eat-min-ms 10 --eat-max-ms 50 --seed 1 --deadlock-window-ms 2000,0,5.15,0.03,0.33,7.0,1640,200,0,3513,1,0,0,0,2026-05-14T10:33:18,c-pthreads-monitor,20,5.0,10,50,10,50,5149.267,1204,"[62, 58, 60, 63, 60, 60, 63, 56, 60, 58, 59, 58, 63, 59, 60, 63, 64, 61, 59, 58]",21285.069,16650.565,62069.844,92219.529,143497.735,False,1,0
/home/vboxuser/os-final-project/paper2-concurrency/dp/pthreads/dphil_5 --N 20 --duration-sec 5 --think-min-ms 10 --think-max-ms 50 --eat-min-ms 10 --eat-max-ms 50 --seed 1 --deadlock-window-ms 2000,1,5.09,0.04,0.32,7.0,1708,203,0,3541,3,0,0,0,2026-05-14T10:33:23,c-pthreads-monitor,20,5.0,10,50,10,50,5092.825,1213,"[62, 58, 59, 60, 62, 64, 63, 58, 58, 60, 60, 61, 62, 62, 62, 60, 65, 60, 59, 58]",20247.756,16961.484,53839.313,77397.272,115089.566,False,1,1
/home/vboxuser/os-final-project/paper2-concurrency/dp/pthreads/dphil_5 --N 20 --duration-sec 5 --think-min-ms 10 --think-max-ms 50 --eat-min-ms 10 --eat-max-ms 50 --seed 2 --deadlock-window-ms 2000,0,5.16,0.06,0.29,6.0,1776,202,0,3558,2,0,0,0,2026-05-14T10:33:28,c-pthreads-monitor,20,5.0,10,50,10,50,5159.913,1224,"[58, 60, 62, 61, 64, 61, 59, 59, 61, 61, 63, 62, 62, 60, 63, 68, 60, 61, 59, 60]",19808.303,15647.723,56122.041,85866.431,109420.14,False,2,0
/home/vboxuser/os-final-project/paper2-concurrency/dp/pthreads/dphil_5 --N 20 --duration-sec 5 --think-min-ms 10 --think-max-ms 50 --eat-min-ms 10 --eat-max-ms 50 --seed 2 --deadlock-window-ms 2000,1,5.11,0.06,0.22,5.0,1648,201,0,3539,1,0,0,0,2026-05-14T10:33:33,c-pthreads-monitor,20,5.0,10,50,10,50,5108.281,1218,"[58, 58, 60, 63, 63, 62, 59, 59, 59, 59, 61, 60, 61, 62, 62, 68, 62, 61, 62, 59]",20029.594,15734.973,56430.753,85581.345,143992.74,False,2,1
/home/vboxuser/os-final-project/paper2-concurrency/dp/pthreads/dphil_5 --N 20 --duration-sec 5 --think-min-ms 10 --think-max-ms 50 --eat-min-ms 10 --eat-max-ms 50 --seed 3 --deadlock-window-ms 2000,0,5.12,0.07,0.34,8.0,1520,200,0,3507,2,0,0,0,2026-05-14T10:33:38,c-pthreads-monitor,20,5.0,10,50,10,50,5117.715,1212,"[61, 62, 60, 63, 63, 57, 59, 58, 61, 58, 62, 61, 63, 61, 62, 60, 60, 59, 62, 60]",20340.988,16375.021,57804.931,84070.957,123577.308,False,3,0
/home/vboxuser/os-final-project/paper2-concurrency/dp/pthreads/dphil_5 --N 20 --duration-sec 5 --think-min-ms 10 --think-max-ms 50 --eat-min-ms 10 --eat-max-ms 50 --seed 3 --deadlock-window-ms 2000,1,5.11,0.04,0.49,10.0,1520,201,0,3412,6,0,0,0,2026-05-14T10:33:43,c-pthreads-monitor,20,5.0,10,50,10,50,5105.867,1176,"[58, 60, 61, 60, 58, 57, 58, 56, 56, 59, 61, 61, 60, 61, 60, 61, 57, 56, 60, 56]",21570.743,17050.61,62841.476,98614.753,210096.871,False,3,1
/home/vboxuser/os-final-project/paper2-concurrency/dp/pthreads/dphil_5 --N 50 --duration-sec 5 --think-min-ms 10 --think-max-ms 50 --eat-min-ms 10 --eat-max-ms 50 --seed 1 --deadlock-window-ms 2000,0,5.14,0.14,1.42,30.0,1636,302,0,8553,26,0,0,0,2026-05-14T10:33:49,c-pthreads-monitor,50,5.0,10,50,10,50,5140.931,2910,"[58, 58, 57, 60, 60, 61, 60, 58, 57, 59, 58, 59, 58, 56, 59, 59, 61, 61, 56, 56, 60, 55, 56, 59, 60, 59, 58, 60, 57, 58, 60, 57, 58, 59, 58, 60, 59, 54, 61, 53, 60, 56, 57, 60, 58, 58, 57, 57, 59, 56]",21660.029,16701.357,59065.359,123958.187,211495.675,False,1,0
/home/vboxuser/os-final-project/paper2-concurrency/dp/pthreads/dphil_5 --N 50 --duration-sec 5 --think-min-ms 10 --think-max-ms 50 --eat-min-ms 10 --eat-max-ms 50 --seed 1 --deadlock-window-ms 2000,1,5.13,0.11,0.84,18.0,1776,302,0,8789,20,0,0,0,2026-05-14T10:33:54,c-pthreads-monitor,50,5.0,10,50,10,50,5130.149,2986,"[55, 57, 60, 62, 62, 62, 64, 57, 60, 58, 59, 59, 59, 62, 59, 61, 63, 61, 59, 55, 59, 60, 61, 63, 61, 60, 64, 61, 61, 60, 58, 58, 61, 63, 60, 60, 61, 58, 58, 55, 58, 56, 60, 64, 59, 57, 58, 59, 56, 63]",21391.166,16532.064,62373.514,100144.642,258341.967,False,1,1
/home/vboxuser/os-final-project/paper2-concurrency/dp/pthreads/dphil_5 --N 50 --duration-sec 5 --think-min-ms 10 --think-max-ms 50 --eat-min-ms 10 --eat-max-ms 50 --seed 2 --deadlock-window-ms 2000,0,5.1,0.07,0.74,16.0,1640,304,0,8848,17,0,0,0,2026-05-14T10:33:59,c-pthreads-monitor,50,5.0,10,50,10,50,5105.265,3055,"[57, 58, 64, 64, 64, 59, 58, 59, 61, 63, 61, 60, 66, 62, 59, 63, 62, 57, 63, 62, 63, 63, 62, 63, 61, 59, 64, 60, 61, 60, 60, 63, 63, 61, 62, 64, 61, 60, 56, 60, 58, 59, 65, 59, 62, 61, 63, 58, 61, 61]",20343.607,16216.353,58060.768,91357.855,175125.393,False,2,0
/home/vboxuser/os-final-project/paper2-concurrency/dp/pthreads/dphil_5 --N 50 --duration-sec 5 --think-min-ms 10 --think-max-ms 50 --eat-min-ms 10 --eat-max-ms 50 --seed 2 --deadlock-window-ms 2000,1,5.17,0.08,0.82,17.0,1768,302,0,8938,21,0,0,0,2026-05-14T10:34:04,c-pthreads-monitor,50,5.0,10,50,10,50,5173.667,3072,"[59, 62, 62, 62, 60, 63, 60, 60, 63, 61, 59, 64, 63, 61, 62, 68, 62, 58, 61, 61, 63, 65, 61, 60, 63, 64, 62, 64, 60, 60, 62, 63, 62, 61, 63, 64, 58, 62, 61, 59, 61, 61, 63, 60, 61, 61, 59, 62, 60, 56]",20576.429,16128.518,58596.313,92122.071,146515.055,False,2,1
/home/vboxuser/os-final-project/paper2-concurrency/dp/pthreads/dphil_5 --N 50 --duration-sec 5 --think-min-ms 10 --think-max-ms 50 --eat-min-ms 10 --eat-max-ms 50 --seed 3 --deadlock-window-ms 2000,0,5.15,0.13,0.86,19.0,1776,303,0,8769,28,0,0,0,2026-05-14T10:34:09,c-pthreads-monitor,50,5.0,10,50,10,50,5149.22,2996,"[60, 60, 60, 60, 64, 56, 59, 60, 56, 59, 59, 63, 58, 63, 63, 61, 58, 60, 59, 62, 61, 63, 62, 61, 63, 62, 61, 62, 59, 56, 63, 61, 60, 60, 63, 61, 62, 56, 61, 56, 60, 62, 56, 60, 56, 56, 61, 59, 56, 57]",21419.75,16785.983,62025.802,99737.013,218472.53,False,3,0
/home/vboxuser/os-final-project/paper2-concurrency/dp/pthreads/dphil_5 --N 50 --duration-sec 5 --think-min-ms 10 --think-max-ms 50 --eat-min-ms 10 --eat-max-ms 50 --seed 3 --deadlock-window-ms 2000,1,5.12,0.08,0.77,16.0,1776,304,0,8874,21,0,0,0,2026-05-14T10:34:14,c-pthreads-monitor,50,5.0,10,50,10,50,5122.532,3038,"[60, 63, 61, 61, 61, 57, 60, 59, 61, 59, 63, 62, 62, 63, 67, 61, 59, 60, 61, 61, 62, 65, 63, 58, 67, 60, 59, 60, 60, 62, 66, 60, 61, 61, 60, 60, 60, 55, 57, 56, 65, 62, 59, 60, 59, 55, 61, 61, 62, 61]",20549.194,16091.477,58706.856,90059.219,168503.71,False,3,1
/home/vboxuser/os-final-project/paper2-concurrency/dp/pthreads/dphil_4 --N 5 --duration-sec 5 --think-min-ms 10 --think-max-ms 50 --eat-min-ms 10 --eat-max-ms 50 --seed 1 --deadlock-window-ms 2000,0,5.12,0.02,0.07,2.0,1428,152,1,954,0,48,0,0,2026-05-14T10:34:20,c-pthreads-hierarchy,5,5.0,10,50,10,50,5121.467,284,"[66, 57, 58, 51, 52]",26600.905,22820.62,74560.956,114693.814,122108.588,False,1,0
/home/vboxuser/os-final-project/paper2-concurrency/dp/pthreads/dphil_4 --N 5 --duration-sec 5 --think-min-ms 10 --think-max-ms 50 --eat-min-ms 10 --eat-max-ms 50 --seed 1 --deadlock-window-ms 2000,1,5.1,0.01,0.08,2.0,1520,152,0,973,0,0,0,0,2026-05-14T10:34:25,c-pthreads-hierarchy,5,5.0,10,50,10,50,5099.495,293,"[66, 59, 59, 54, 55]",24094.648,20465.099,66591.386,94403.842,121001.412,False,1,1
/home/vboxuser/os-final-project/paper2-concurrency/dp/pthreads/dphil_4 --N 5 --duration-sec 5 --think-min-ms 10 --think-max-ms 50 --eat-min-ms 10 --eat-max-ms 50 --seed 2 --deadlock-window-ms 2000,0,5.13,0.01,0.08,1.0,1508,152,0,974,2,0,0,0,2026-05-14T10:34:30,c-pthreads-hierarchy,5,5.0,10,50,10,50,5127.711,294,"[62, 57, 60, 58, 57]",23802.564,20082.429,61696.8,100959.609,111066.657,False,2,0
/home/vboxuser/os-final-project/paper2-concurrency/dp/pthreads/dphil_4 --N 5 --duration-sec 5 --think-min-ms 10 --think-max-ms 50 --eat-min-ms 10 --eat-max-ms 50 --seed 2 --deadlock-window-ms 2000,1,5.17,0.01,0.08,2.0,1436,151,0,994,1,0,0,0,2026-05-14T10:34:35,c-pthreads-hierarchy,5,5.0,10,50,10,50,5162.386,298,"[61, 60, 60, 58, 59]",23554.361,20269.014,64009.487,89118.753,110418.651,False,2,1
/home/vboxuser/os-final-project/paper2-concurrency/dp/pthreads/dphil_4 --N 5 --duration-sec 5 --think-min-ms 10 --think-max-ms 50 --eat-min-ms 10 --eat-max-ms 50 --seed 3 --deadlock-window-ms 2000,0,5.11,0.01,0.08,1.0,1520,155,0,977,3,0,0,0,2026-05-14T10:34:40,c-pthreads-hierarchy,5,5.0,10,50,10,50,5108.989,298,"[61, 62, 61, 57, 57]",22989.334,18758.709,65476.376,83798.289,130580.997,False,3,0
/home/vboxuser/os-final-project/paper2-concurrency/dp/pthreads/dphil_4 --N 5 --duration-sec 5 --think-min-ms 10 --think-max-ms 50 --eat-min-ms 10 --eat-max-ms 50 --seed 3 --deadlock-window-ms 2000,1,5.15,0.01,0.11,2.0,1436,152,0,997,1,0,0,0,2026-05-14T10:34:45,c-pthreads-hierarchy,5,5.0,10,50,10,50,5150.534,300,"[62, 62, 62, 56, 58]",22661.109,17866.492,65791.336,85582.763,113588.263,False,3,1
/home/vboxuser/os-final-project/paper2-concurrency/dp/pthreads/dphil_4 --N 10 --duration-sec 5 --think-min-ms 10 --think-max-ms 50 --eat-min-ms 10 --eat-max-ms 50 --seed 1 --deadlock-window-ms 2000,0,5.16,0.02,0.17,3.0,1520,168,0,1937,2,0,0,0,2026-05-14T10:34:50,c-pthreads-hierarchy,10,5.0,10,50,10,50,5163.709,604,"[61, 60, 60, 61, 61, 64, 62, 58, 58, 59]",21677.709,18986.128,56473.087,79029.288,102314.33,False,1,0
/home/vboxuser/os-final-project/paper2-concurrency/dp/pthreads/dphil_4 --N 10 --duration-sec 5 --think-min-ms 10 --think-max-ms 50 --eat-min-ms 10 --eat-max-ms 50 --seed 1 --deadlock-window-ms 2000,1,5.14,0.03,0.17,4.0,1520,167,0,1919,4,0,0,0,2026-05-14T10:34:56,c-pthreads-hierarchy,10,5.0,10,50,10,50,5137.999,603,"[57, 60, 60, 61, 61, 65, 62, 59, 59, 59]",21370.679,18834.377,56032.458,75322.881,96464.069,False,1,1
/home/vboxuser/os-final-project/paper2-concurrency/dp/pthreads/dphil_4 --N 10 --duration-sec 5 --think-min-ms 10 --think-max-ms 50 --eat-min-ms 10 --eat-max-ms 50 --seed 2 --deadlock-window-ms 2000,0,5.17,0.03,0.14,3.0,1520,169,0,1882,1,0,0,0,2026-05-14T10:35:01,c-pthreads-hierarchy,10,5.0,10,50,10,50,5167.945,593,"[57, 59, 59, 64, 63, 57, 56, 60, 61, 57]",23013.437,19979.213,61753.666,85320.136,98681.213,False,2,0
/home/vboxuser/os-final-project/paper2-concurrency/dp/pthreads/dphil_4 --N 10 --duration-sec 5 --think-min-ms 10 --think-max-ms 50 --eat-min-ms 10 --eat-max-ms 50 --seed 2 --deadlock-window-ms 2000,1,5.17,0.04,0.16,4.0,1520,169,0,1920,4,0,0,0,2026-05-14T10:35:06,c-pthreads-hierarchy,10,5.0,10,50,10,50,5167.248,604,"[59, 58, 61, 63, 62, 62, 61, 59, 60, 59]",21626.44,18275.609,56406.063,84336.898,102994.002,False,2,1
/home/vboxuser/os-final-project/paper2-concurrency/dp/pthreads/dphil_4 --N 10 --duration-sec 5 --think-min-ms 10 --think-max-ms 50 --eat-min-ms 10 --eat-max-ms 50 --seed 3 --deadlock-window-ms 2000,0,5.19,0.03,0.17,4.0,1520,170,0,1909,0,0,0,0,2026-05-14T10:35:11,c-pthreads-hierarchy,10,5.0,10,50,10,50,5192.49,606,"[60, 61, 62, 65, 62, 59, 59, 58, 59, 61]",20865.149,17588.076,54623.789,74983.297,97303.284,False,3,0
/home/vboxuser/os-final-project/paper2-concurrency/dp/pthreads/dphil_4 --N 10 --duration-sec 5 --think-min-ms 10 --think-max-ms 50 --eat-min-ms 10 --eat-max-ms 50 --seed 3 --deadlock-window-ms 2000,1,5.15,0.03,0.15,3.0,1516,168,0,1931,1,0,0,0,2026-05-14T10:35:16,c-pthreads-hierarchy,10,5.0,10,50,10,50,5148.995,601,"[58, 62, 60, 64, 61, 59, 59, 60, 60, 58]",21550.356,19436.685,54186.853,66893.687,80866.332,False,3,1
/home/vboxuser/os-final-project/paper2-concurrency/dp/pthreads/dphil_4 --N 20 --duration-sec 5 --think-min-ms 10 --think-max-ms 50 --eat-min-ms 10 --eat-max-ms 50 --seed 1 --deadlock-window-ms 2000,0,5.14,0.06,0.35,8.0,1648,202,0,3784,6,0,0,0,2026-05-14T10:35:22,c-pthreads-hierarchy,20,5.0,10,50,10,50,5141.399,1207,"[59, 59, 59, 63, 59, 62, 61, 59, 58, 63, 61, 60, 61, 61, 59, 57, 62, 64, 60, 60]",21469.742,18875.613,58147.699,78144.58,106009.697,False,1,0
/home/vboxuser/os-final-project/paper2-concurrency/dp/pthreads/dphil_4 --N 20 --duration-sec 5 --think-min-ms 10 --think-max-ms 50 --eat-min-ms 10 --eat-max-ms 50 --seed 1 --deadlock-window-ms 2000,1,5.15,0.04,0.41,9.0,1648,200,0,3763,7,0,0,0,2026-05-14T10:35:27,c-pthreads-hierarchy,20,5.0,10,50,10,50,5148.759,1203,"[59, 57, 57, 62, 62, 64, 60, 59, 59, 60, 60, 58, 63, 61, 61, 60, 63, 62, 59, 57]",21849.695,18543.451,56393.304,80296.161,114873.505,False,1,1
/home/vboxuser/os-final-project/paper2-concurrency/dp/pthreads/dphil_4 --N 20 --duration-sec 5 --think-min-ms 10 --think-max-ms 50 --eat-min-ms 10 --eat-max-ms 50 --seed 2 --deadlock-window-ms 2000,0,5.19,0.05,0.4,8.0,1648,201,0,3757,3,0,0,0,2026-05-14T10:35:32,c-pthreads-hierarchy,20,5.0,10,50,10,50,5131.101,1199,"[58, 57, 62, 63, 62, 61, 59, 56, 60, 60, 59, 60, 60, 64, 61, 64, 60, 56, 58, 59]",21529.243,18655.077,58260.175,86120.797,147660.591,False,2,0
/home/vboxuser/os-final-project/paper2-concurrency/dp/pthreads/dphil_4 --N 20 --duration-sec 5 --think-min-ms 10 --think-max-ms 50 --eat-min-ms 10 --eat-max-ms 50 --seed 2 --deadlock-window-ms 2000,1,5.16,0.04,0.37,8.0,1520,201,0,3810,4,0,0,0,2026-05-14T10:35:37,c-pthreads-hierarchy,20,5.0,10,50,10,50,5160.501,1205,"[59, 59, 62, 64, 63, 61, 60, 57, 58, 60, 59, 62, 63, 61, 58, 65, 61, 56, 58, 59]",21588.396,18223.709,55211.412,87272.542,105061.961,False,2,1
/home/vboxuser/os-final-project/paper2-concurrency/dp/pthreads/dphil_4 --N 20 --duration-sec 5 --think-min-ms 10 --think-max-ms 50 --eat-min-ms 10 --eat-max-ms 50 --seed 3 --deadlock-window-ms 2000,0,5.15,0.03,0.29,6.0,1516,202,0,3801,0,0,0,0,2026-05-14T10:35:42,c-pthreads-hierarchy,20,5.0,10,50,10,50,5156.835,1227,"[61, 62, 62, 68, 63, 59, 59, 60, 61, 59, 63, 63, 63, 62, 64, 61, 57, 58, 61, 61]",20650.381,17752.634,55584.633,73953.012,103814.866,False,3,0
/home/vboxuser/os-final-project/paper2-concurrency/dp/pthreads/dphil_4 --N 20 --duration-sec 5 --think-min-ms 10 --think-max-ms 50 --eat-min-ms 10 --eat-max-ms 50 --seed 3 --deadlock-window-ms 2000,1,5.2,0.08,0.47,10.0,1648,200,0,3777,4,0,0,0,2026-05-14T10:35:47,c-pthreads-hierarchy,20,5.0,10,50,10,50,5202.747,1202,"[60, 61, 62, 63, 61, 58, 57, 59, 59, 60, 60, 60, 60, 60, 65, 62, 60, 56, 58, 61]",21646.149,18286.924,58713.109,84531.098,153332.869,False,3,1
/home/vboxuser/os-final-project/paper2-concurrency/dp/pthreads/dphil_4 --N 50 --duration-sec 5 --think-min-ms 10 --think-max-ms 50 --eat-min-ms 10 --eat-max-ms 50 --seed 1 --deadlock-window-ms 2000,0,5.16,0.12,0.9,19.0,1648,302,0,9402,37,0,0,0,2026-05-14T10:35:53,c-pthreads-hierarchy,50,5.0,10,50,10,50,5163.199,3017,"[60, 59, 59, 61, 61, 63, 62, 59, 58, 58, 61, 61, 64, 60, 60, 61, 62, 62, 59, 57, 58, 58, 56, 62, 60, 62, 64, 63, 63, 61, 61, 57, 59, 63, 61, 63, 63, 61, 61, 58, 58, 59, 60, 62, 59, 62, 61, 57, 58, 60]",21760.858,18704.59,59068.656,86679.134,115202.675,False,1,0
/home/vboxuser/os-final-project/paper2-concurrency/dp/pthreads/dphil_4 --N 50 --duration-sec 5 --think-min-ms 10 --think-max-ms 50 --eat-min-ms 10 --eat-max-ms 50 --seed 1 --deadlock-window-ms 2000,1,5.18,0.11,0.8,17.0,1776,303,0,9482,18,0,0,0,2026-05-14T10:35:58,c-pthreads-hierarchy,50,5.0,10,50,10,50,5182.22,3042,"[62, 60, 58, 64, 62, 62, 60, 56, 59, 62, 63, 59, 61, 61, 63, 64, 68, 63, 59, 59, 60, 60, 61, 64, 62, 60, 63, 63, 61, 59, 60, 57, 59, 65, 62, 62, 62, 63, 63, 58, 60, 58, 60, 63, 61, 58, 59, 59, 57, 58]",21568.7,18425.93,58097.507,80785.231,109620.079,False,1,1
/home/vboxuser/os-final-project/paper2-concurrency/dp/pthreads/dphil_4 --N 50 --duration-sec 5 --think-min-ms 10 --think-max-ms 50 --eat-min-ms 10 --eat-max-ms 50 --seed 2 --deadlock-window-ms 2000,0,5.16,0.1,0.86,18.0,1648,301,0,9420,17,0,0,0,2026-05-14T10:36:03,c-pthreads-hierarchy,50,5.0,10,50,10,50,5156.939,3024,"[59, 60, 61, 62, 62, 60, 60, 59, 60, 59, 61, 58, 62, 64, 61, 69, 63, 58, 60, 60, 62, 61, 67, 60, 59, 63, 63, 61, 60, 62, 60, 59, 58, 62, 64, 59, 58, 60, 56, 57, 58, 62, 63, 58, 60, 57, 59, 59, 60, 59]",21924.392,18697.01,60207.423,83705.018,125416.673,False,2,0
/home/vboxuser/os-final-project/paper2-concurrency/dp/pthreads/dphil_4 --N 50 --duration-sec 5 --think-min-ms 10 --think-max-ms 50 --eat-min-ms 10 --eat-max-ms 50 --seed 2 --deadlock-window-ms 2000,1,5.16,0.1,0.95,20.0,1640,302,0,9460,17,0,0,0,2026-05-14T10:36:08,c-pthreads-hierarchy,50,5.0,10,50,10,50,5158.559,3037,"[60, 58, 64, 62, 61, 64, 61, 56, 58, 61, 59, 60, 62, 63, 62, 63, 61, 58, 61, 61, 61, 60, 62, 61, 61, 64, 62, 60, 61, 61, 59, 63, 61, 61, 63, 61, 59, 61, 57, 61, 59, 61, 60, 59, 60, 61, 62, 59, 61, 61]",21649.231,18418.684,57739.447,83159.491,121579.021,False,2,1
/home/vboxuser/os-final-project/paper2-concurrency/dp/pthreads/dphil_4 --N 50 --duration-sec 5 --think-min-ms 10 --think-max-ms 50 --eat-min-ms 10 --eat-max-ms 50 --seed 3 --deadlock-window-ms 2000,0,5.17,0.1,0.76,16.0,1632,301,0,9510,5,0,0,0,2026-05-14T10:36:13,c-pthreads-hierarchy,50,5.0,10,50,10,50,5174.314,3055,"[57, 62, 62, 62, 64, 62, 60, 58, 58, 60, 60, 62, 64, 61, 60, 64, 59, 61, 63, 58, 61, 64, 66, 60, 64, 62, 61, 62, 63, 58, 59, 64, 62, 60, 62, 60, 64, 60, 61, 56, 58, 63, 62, 61, 61, 58, 62, 62, 62, 60]",21499.722,18666.436,56323.3,79857.95,119064.265,False,3,0
/home/vboxuser/os-final-project/paper2-concurrency/dp/pthreads/dphil_4 --N 50 --duration-sec 5 --think-min-ms 10 --think-max-ms 50 --eat-min-ms 10 --eat-max-ms 50 --seed 3 --deadlock-window-ms 2000,1,5.2,0.1,0.78,17.0,1776,301,0,9368,11,0,0,0,2026-05-14T10:36:19,c-pthreads-hierarchy,50,5.0,10,50,10,50,5196.139,2999,"[59, 60, 60, 64, 62, 58, 59, 59, 60, 59, 61, 61, 61, 63, 62, 61, 58, 59, 60, 59, 60, 59, 62, 62, 63, 61, 60, 58, 59, 58, 60, 61, 59, 62, 61, 62, 62, 57, 57, 56, 60, 62, 61, 59, 60, 55, 58, 60, 61, 59]",22153.5,18854.978,58968.039,90052.26,196499.798,False,3,1
/home/vboxuser/os-final-project/paper2-concurrency/dp/pthreads/dphil_2 --N 5 --duration-sec 5 --think-min-ms 10 --think-max-ms 50 --eat-min-ms 10 --eat-max-ms 50 --seed 1 --deadlock-window-ms 2000,0,5.09,0.0,0.07,1.0,1520,154,1,886,1,48,0,0,2026-05-14T10:36:24,c-pthreads-naive,5,5.0,10,50,10,50,5049.917,232,"[47, 47, 46, 46, 46]",45491.149,33206.911,128196.479,151684.178,159427.573,False,1,0
/home/vboxuser/os-final-project/paper2-concurrency/dp/pthreads/dphil_2 --N 5 --duration-sec 5 --think-min-ms 10 --think-max-ms 50 --eat-min-ms 10 --eat-max-ms 50 --seed 1 --deadlock-window-ms 2000,1,5.21,0.02,0.07,1.0,1504,154,0,918,0,0,0,0,2026-05-14T10:36:29,c-pthreads-naive,5,5.0,10,50,10,50,5193.28,239,"[49, 47, 47, 48, 48]",44341.689,30951.1,125129.103,149313.84,166192.554,False,1,1
/home/vboxuser/os-final-project/paper2-concurrency/dp/pthreads/dphil_2 --N 5 --duration-sec 5 --think-min-ms 10 --think-max-ms 50 --eat-min-ms 10 --eat-max-ms 50 --seed 2 --deadlock-window-ms 2000,0,5.15,0.02,0.06,1.0,1512,154,0,837,2,0,0,0,2026-05-14T10:36:34,c-pthreads-naive,5,5.0,10,50,10,50,5138.369,215,"[43, 42, 45, 43, 42]",55950.063,47036.779,134302.89,148024.444,169648.945,False,2,0
/home/vboxuser/os-final-project/paper2-concurrency/dp/pthreads/dphil_2 --N 5 --duration-sec 5 --think-min-ms 10 --think-max-ms 50 --eat-min-ms 10 --eat-max-ms 50 --seed 2 --deadlock-window-ms 2000,1,5.16,0.01,0.12,2.0,1648,156,0,777,3,0,0,0,2026-05-14T10:36:39,c-pthreads-naive,5,5.0,10,50,10,50,5158.194,198,"[40, 40, 39, 40, 39]",66755.318,71824.769,126480.714,174014.937,176600.503,False,2,1
/home/vboxuser/os-final-project/paper2-concurrency/dp/pthreads/dphil_2 --N 5 --duration-sec 5 --think-min-ms 10 --think-max-ms 50 --eat-min-ms 10 --eat-max-ms 50 --seed 3 --deadlock-window-ms 2000,0,5.22,0.01,0.07,1.0,1504,155,0,734,2,0,0,0,2026-05-14T10:36:44,c-pthreads-naive,5,5.0,10,50,10,50,5136.384,189,"[36, 36, 40, 39, 38]",73544.092,78062.782,134737.291,145958.507,158592.126,False,3,0
/home/vboxuser/os-final-project/paper2-concurrency/dp/pthreads/dphil_2 --N 5 --duration-sec 5 --think-min-ms 10 --think-max-ms 50 --eat-min-ms 10 --eat-max-ms 50 --seed 3 --deadlock-window-ms 2000,1,5.2,0.01,0.08,1.0,1508,156,0,785,2,0,0,0,2026-05-14T10:36:50,c-pthreads-naive,5,5.0,10,50,10,50,5053.374,203,"[40, 40, 41, 42, 40]",63329.804,67425.908,126463.617,144752.876,154327.931,False,3,1
/home/vboxuser/os-final-project/paper2-concurrency/dp/pthreads/dphil_2 --N 10 --duration-sec 5 --think-min-ms 10 --think-max-ms 50 --eat-min-ms 10 --eat-max-ms 50 --seed 1 --deadlock-window-ms 2000,0,5.18,0.02,0.18,3.0,1648,170,0,1408,3,0,0,0,2026-05-14T10:36:55,c-pthreads-naive,10,5.0,10,50,10,50,5051.593,391,"[39, 39, 38, 39, 38, 38, 40, 40, 40, 40]",67077.198,42863.461,187678.887,236093.961,252697.583,False,1,0
/home/vboxuser/os-final-project/paper2-concurrency/dp/pthreads/dphil_2 --N 10 --duration-sec 5 --think-min-ms 10 --think-max-ms 50 --eat-min-ms 10 --eat-max-ms 50 --seed 1 --deadlock-window-ms 2000,1,5.17,0.03,0.15,3.0,1520,169,0,1396,5,0,0,0,2026-05-14T10:37:00,c-pthreads-naive,10,5.0,10,50,10,50,5061.139,383,"[40, 39, 40, 40, 39, 39, 37, 36, 36, 37]",70191.348,59026.936,175284.907,221084.182,239781.285,False,1,1
/home/vboxuser/os-final-project/paper2-concurrency/dp/pthreads/dphil_2 --N 10 --duration-sec 5 --think-min-ms 10 --think-max-ms 50 --eat-min-ms 10 --eat-max-ms 50 --seed 2 --deadlock-window-ms 2000,0,5.22,0.01,0.15,3.0,1520,170,0,1551,0,0,0,0,2026-05-14T10:37:05,c-pthreads-naive,10,5.0,10,50,10,50,5147.471,438,"[45, 45, 46, 44, 44, 42, 41, 43, 43, 45]",53405.076,33475.866,175023.82,212119.23,242240.697,False,2,0
/home/vboxuser/os-final-project/paper2-concurrency/dp/pthreads/dphil_2 --N 10 --duration-sec 5 --think-min-ms 10 --think-max-ms 50 --eat-min-ms 10 --eat-max-ms 50 --seed 2 --deadlock-window-ms 2000,1,5.21,0.02,0.14,3.0,1648,170,0,1576,1,0,0,0,2026-05-14T10:37:10,c-pthreads-naive,10,5.0,10,50,10,50,5140.228,440,"[44, 44, 44, 45, 45, 43, 43, 44, 43, 45]",52798.735,39589.499,148813.623,216786.602,234885.068,False,2,1
/home/vboxuser/os-final-project/paper2-concurrency/dp/pthreads/dphil_2 --N 10 --duration-sec 5 --think-min-ms 10 --think-max-ms 50 --eat-min-ms 10 --eat-max-ms 50 --seed 3 --deadlock-window-ms 2000,0,5.25,0.03,0.1,2.0,1512,169,0,1297,1,0,0,0,2026-05-14T10:37:16,c-pthreads-naive,10,5.0,10,50,10,50,5046.586,356,"[36, 35, 38, 39, 35, 34, 35, 34, 36, 34]",79810.037,41551.614,214411.739,252344.265,285672.194,False,3,0
/home/vboxuser/os-final-project/paper2-concurrency/dp/pthreads/dphil_2 --N 10 --duration-sec 5 --think-min-ms 10 --think-max-ms 50 --eat-min-ms 10 --eat-max-ms 50 --seed 3 --deadlock-window-ms 2000,1,5.18,0.01,0.12,2.0,1512,169,0,1346,2,0,0,0,2026-05-14T10:37:21,c-pthreads-naive,10,5.0,10,50,10,50,5055.805,374,"[37, 37, 39, 40, 38, 37, 36, 36, 37, 37]",72819.533,40395.087,211849.205,260664.055,288490.381,False,3,1
/home/vboxuser/os-final-project/paper2-concurrency/dp/pthreads/dphil_2 --N 20 --duration-sec 5 --think-min-ms 10 --think-max-ms 50 --eat-min-ms 10 --eat-max-ms 50 --seed 1 --deadlock-window-ms 2000,0,5.44,0.02,0.2,4.0,1520,201,0,1808,0,0,0,0,2026-05-14T10:37:26,c-pthreads-naive,20,5.0,10,50,10,50,5168.161,505,"[27, 26, 25, 26, 26, 25, 27, 27, 27, 26, 26, 24, 24, 25, 24, 23, 25, 25, 23, 24]",142630.483,145243.713,333193.804,380984.654,428567.913,False,1,0
/home/vboxuser/os-final-project/paper2-concurrency/dp/pthreads/dphil_2 --N 20 --duration-sec 5 --think-min-ms 10 --think-max-ms 50 --eat-min-ms 10 --eat-max-ms 50 --seed 1 --deadlock-window-ms 2000,1,5.3,0.02,0.25,5.0,1648,204,0,2698,4,0,0,0,2026-05-14T10:37:32,c-pthreads-naive,20,5.0,10,50,10,50,5075.333,774,"[38, 38, 37, 37, 40, 39, 39, 39, 39, 40, 41, 40, 41, 42, 40, 39, 38, 37, 35, 35]",70428.585,51851.11,201463.15,250477.46,283001.646,False,1,1
/home/vboxuser/os-final-project/paper2-concurrency/dp/pthreads/dphil_2 --N 20 --duration-sec 5 --think-min-ms 10 --think-max-ms 50 --eat-min-ms 10 --eat-max-ms 50 --seed 2 --deadlock-window-ms 2000,0,5.22,0.03,0.26,5.0,1648,203,0,2892,0,0,0,0,2026-05-14T10:37:37,c-pthreads-naive,20,5.0,10,50,10,50,5140.743,827,"[42, 42, 41, 41, 41, 39, 39, 40, 41, 42, 41, 43, 44, 43, 42, 44, 42, 40, 40, 40]",60951.532,49662.759,156307.224,202773.743,268515.368,False,2,0
/home/vboxuser/os-final-project/paper2-concurrency/dp/pthreads/dphil_2 --N 20 --duration-sec 5 --think-min-ms 10 --think-max-ms 50 --eat-min-ms 10 --eat-max-ms 50 --seed 2 --deadlock-window-ms 2000,1,5.34,0.02,0.23,4.0,1648,202,0,2317,2,0,0,0,2026-05-14T10:37:42,c-pthreads-naive,20,5.0,10,50,10,50,5115.13,659,"[35, 35, 34, 35, 34, 35, 33, 33, 33, 33, 32, 31, 32, 30, 30, 30, 33, 31, 35, 35]",92666.857,51430.919,302776.139,340109.756,366853.405,False,2,1
/home/vboxuser/os-final-project/paper2-concurrency/dp/pthreads/dphil_2 --N 20 --duration-sec 5 --think-min-ms 10 --think-max-ms 50 --eat-min-ms 10 --eat-max-ms 50 --seed 3 --deadlock-window-ms 2000,0,5.2,0.05,0.26,6.0,1520,202,0,3144,1,0,0,0,2026-05-14T10:37:48,c-pthreads-naive,20,5.0,10,50,10,50,5153.095,916,"[47, 46, 47, 46, 44, 43, 43, 43, 44, 42, 46, 48, 48, 48, 49, 48, 45, 46, 46, 47]",48353.516,37417.836,132567.569,212873.075,291054.268,False,3,0
/home/vboxuser/os-final-project/paper2-concurrency/dp/pthreads/dphil_2 --N 20 --duration-sec 5 --think-min-ms 10 --think-max-ms 50 --eat-min-ms 10 --eat-max-ms 50 --seed 3 --deadlock-window-ms 2000,1,5.27,0.02,0.26,5.0,1776,202,0,2674,3,0,0,0,2026-05-14T10:37:53,c-pthreads-naive,20,5.0,10,50,10,50,5046.415,759,"[38, 38, 40, 39, 38, 37, 38, 38, 40, 38, 39, 39, 37, 37, 39, 38, 36, 36, 37, 37]",72216.877,61140.838,190172.112,228076.743,254979.016,False,3,1
/home/vboxuser/os-final-project/paper2-concurrency/dp/pthreads/dphil_2 --N 50 --duration-sec 5 --think-min-ms 10 --think-max-ms 50 --eat-min-ms 10 --eat-max-ms 50 --seed 1 --deadlock-window-ms 2000,0,5.49,0.09,0.6,12.0,1776,300,0,5239,5,0,0,0,2026-05-14T10:37:58,c-pthreads-naive,50,5.0,10,50,10,50,5114.76,1510,"[33, 32, 32, 33, 33, 34, 32, 31, 32, 32, 32, 30, 32, 33, 31, 29, 32, 32, 30, 30, 30, 30, 31, 30, 29, 29, 29, 30, 28, 29, 29, 27, 27, 27, 26, 26, 29, 26, 29, 30, 30, 29, 31, 31, 30, 30, 32, 30, 30, 31]",110126.124,73685.611,346779.651,428551.026,493086.687,False,1,0
/home/vboxuser/os-final-project/paper2-concurrency/dp/pthreads/dphil_2 --N 50 --duration-sec 5 --think-min-ms 10 --think-max-ms 50 --eat-min-ms 10 --eat-max-ms 50 --seed 1 --deadlock-window-ms 2000,1,5.27,0.06,0.58,12.0,1776,300,0,6560,7,0,0,0,2026-05-14T10:38:04,c-pthreads-naive,50,5.0,10,50,10,50,5146.104,1919,"[40, 38, 38, 41, 42, 43, 41, 41, 40, 39, 41, 41, 41, 42, 41, 39, 39, 37, 36, 36, 36, 36, 35, 34, 33, 34, 34, 34, 34, 36, 37, 36, 37, 40, 39, 39, 41, 38, 40, 38, 37, 37, 40, 40, 40, 41, 39, 39, 39, 40]",70718.709,44537.609,237567.5,297779.886,355227.182,False,1,1
/home/vboxuser/os-final-project/paper2-concurrency/dp/pthreads/dphil_2 --N 50 --duration-sec 5 --think-min-ms 10 --think-max-ms 50 --eat-min-ms 10 --eat-max-ms 50 --seed 2 --deadlock-window-ms 2000,0,5.28,0.05,0.8,16.0,1776,298,0,6700,10,0,0,0,2026-05-14T10:38:09,c-pthreads-naive,50,5.0,10,50,10,50,5085.654,1959,"[40, 39, 41, 41, 41, 38, 38, 39, 40, 42, 40, 41, 39, 39, 38, 41, 40, 39, 39, 39, 39, 41, 40, 39, 40, 41, 40, 39, 38, 39, 37, 38, 38, 38, 38, 36, 36, 38, 36, 36, 38, 40, 41, 40, 40, 40, 39, 39, 40, 41]",68354.753,52931.821,188085.655,241051.972,300893.975,False,2,0
/home/vboxuser/os-final-project/paper2-concurrency/dp/pthreads/dphil_2 --N 50 --duration-sec 5 --think-min-ms 10 --think-max-ms 50 --eat-min-ms 10 --eat-max-ms 50 --seed 2 --deadlock-window-ms 2000,1,5.27,0.06,0.68,14.0,1776,302,0,6882,15,0,0,0,2026-05-14T10:38:14,c-pthreads-naive,50,5.0,10,50,10,50,5063.612,2007,"[40, 39, 40, 40, 42, 39, 38, 41, 40, 41, 40, 42, 45, 43, 39, 40, 39, 38, 38, 38, 39, 40, 39, 39, 40, 40, 41, 38, 40, 41, 39, 39, 41, 39, 39, 43, 38, 43, 42, 41, 41, 41, 41, 40, 41, 41, 39, 39, 41, 40]",63861.762,53144.367,167507.143,215660.415,301851.699,False,2,1
/home/vboxuser/os-final-project/paper2-concurrency/dp/pthreads/dphil_2 --N 50 --duration-sec 5 --think-min-ms 10 --think-max-ms 50 --eat-min-ms 10 --eat-max-ms 50 --seed 3 --deadlock-window-ms 2000,0,5.33,0.06,0.6,12.0,1776,300,0,6406,12,0,0,0,2026-05-14T10:38:19,c-pthreads-naive,50,5.0,10,50,10,50,5178.74,1865,"[37, 38, 39, 41, 38, 37, 38, 38, 39, 39, 40, 42, 41, 39, 40, 38, 36, 36, 36, 37, 36, 37, 40, 38, 41, 40, 39, 38, 40, 37, 38, 39, 37, 36, 37, 34, 35, 34, 33, 33, 35, 36, 35, 35, 35, 35, 35, 35, 36, 37]",74958.314,52898.419,229943.324,311816.527,374072.857,False,3,0
/home/vboxuser/os-final-project/paper2-concurrency/dp/pthreads/dphil_2 --N 50 --duration-sec 5 --think-min-ms 10 --think-max-ms 50 --eat-min-ms 10 --eat-max-ms 50 --seed 3 --deadlock-window-ms 2000,1,5.37,0.07,0.62,12.0,1776,299,0,6462,8,0,0,0,2026-05-14T10:38:25,c-pthreads-naive,50,5.0,10,50,10,50,5086.353,1876,"[39, 39, 40, 41, 38, 36, 39, 40, 39, 38, 37, 36, 36, 35, 37, 38, 37, 39, 39, 37, 38, 37, 36, 38, 39, 40, 38, 37, 39, 36, 36, 38, 36, 37, 37, 34, 36, 36, 36, 36, 37, 39, 38, 38, 39, 38, 36, 36, 36, 39]",74661.899,57834.189,205077.017,274592.942,336370.198,False,3,1
